{
  "$schema": "https://docs.renovatebot.com/renovate-schema.json",
  "extends": [
    "config:base"
  ],
  "packageRules": [
    {
      "groupName": "Kotlin and KSP",
      "groupSlug": "kotlin",
      "matchPackagePrefixes": [
        "com.google.devtools.ksp",
        "com.android.tools.build:gradle"
      ],
      "matchPackagePatterns": [
        "org.jetbrains.kotlin.*"
      ],
      "enabled": false
    },
    {
      "description": "Automatically merge minor and patch-level updates",
      "matchUpdateTypes": ["minor", "patch", "digest"],
      "automerge": true,
      "automergeType": "pr",
      "platformAutomerge": true
    },
    {
      "description": "Exclude Spotless updates",
      "matchPackagePrefixes": ["com.diffplug.spotless"],
      "enabled": false
    },
    {
      "description": "Exclude Maven Plugin",
      "matchPackagePrefixes": ["com.vanniktech.maven.publish"],
      "enabled": false
    }
  ]
}
